frame,time_s,track_id,x1,y1,x2,y2,det_conf,mask_pixels,mask_fill_ratio,mask_mean_prob
0,0.000,1,254,220,283,308,0.8324,1507,0.5905,0.9812
0,0.000,2,641,241,685,323,0.8209,1411,0.3911,0.9790
0,0.000,3,499,158,530,233,0.7426,1069,0.4598,0.9664
1,0.100,1,263,219,292,307,0.8760,1309,0.5129,0.9847
1,0.100,2,637,241,682,325,0.8459,1768,0.4677,0.9775
1,0.100,3,499,159,529,234,0.7729,1080,0.4800,0.9701
2,0.200,1,266,219,296,307,0.8932,1413,0.5352,0.9786
2,0.200,2,633,242,677,324,0.8349,1347,0.3733,0.9752
2,0.200,3,498,159,529,235,0.7779,1067,0.4529,0.9729
3,0.300,1,275,217,304,304,0.8005,1534,0.6080,0.9748
3,0.300,2,616,240,660,324,0.8115,1498,0.4053,0.9793
3,0.300,3,494,158,526,237,0.7604,1216,0.4810,0.9759
4,0.400,1,282,214,312,302,0.8063,1454,0.5508,0.9817
4,0.400,2,602,241,646,323,0.8577,1505,0.4171,0.9795
4,0.400,3,491,159,522,237,0.8253,1270,0.5252,0.9812
5,0.500,1,287,213,318,302,0.8256,1462,0.5299,0.9794
5,0.500,2,595,241,640,324,0.8826,1468,0.3930,0.9801
5,0.500,3,487,161,518,239,0.7733,1319,0.5455,0.9673
6,0.600,1,291,212,323,301,0.8361,1567,0.5502,0.9782
6,0.600,2,588,240,633,325,0.8394,1404,0.3671,0.9768
6,0.600,3,484,163,515,241,0.8086,1212,0.5012,0.9534
7,0.700,1,297,212,328,300,0.8479,1529,0.5605,0.9747
7,0.700,2,577,239,622,325,0.8167,1231,0.3181,0.9750
7,0.700,3,482,163,513,242,0.8012,1164,0.4753,0.9717
8,0.800,1,302,210,333,297,0.8239,1376,0.5102,0.9742
8,0.800,2,568,238,612,325,0.8095,1638,0.4279,0.9817
8,0.800,3,478,163,509,242,0.8050,1151,0.4700,0.9705
9,0.900,1,307,208,338,296,0.8059,1415,0.5187,0.9800
9,0.900,2,558,239,603,325,0.8523,1399,0.3615,0.9766
9,0.900,3,473,164,504,242,0.8285,1141,0.4719,0.9672
10,1.000,1,317,207,349,294,0.8418,1394,0.5007,0.9740
10,1.000,2,547,237,591,325,0.7568,1423,0.3675,0.9721
10,1.000,3,469,167,500,245,0.7643,1209,0.5000,0.9632
11,1.100,1,323,207,354,292,0.8482,1410,0.5351,0.9758
11,1.100,2,535,237,578,325,0.7855,1270,0.3356,0.9795
11,1.100,3,464,168,496,246,0.7372,1175,0.4708,0.9589
11,1.100,5,746,300,768,408,0.7324,1350,0.5682,0.9743
12,1.200,1,326,206,358,290,0.8199,1418,0.5275,0.9767
12,1.200,2,524,237,566,325,0.8078,1452,0.3929,0.9770
12,1.200,3,460,169,491,247,0.7144,1053,0.4355,0.9641
12,1.200,5,743,297,766,408,0.7925,1781,0.6976,0.9829
13,1.300,1,333,201,366,288,0.8390,1392,0.4848,0.9679
13,1.300,2,512,237,555,325,0.8467,1444,0.3816,0.9760
13,1.300,3,452,169,484,248,0.8040,1251,0.4949,0.9726
13,1.300,5,736,294,760,408,0.8569,1941,0.7094,0.9827
14,1.400,1,337,198,370,286,0.8632,1380,0.4752,0.9729
14,1.400,2,501,236,543,324,0.7562,1292,0.3496,0.9761
14,1.400,3,447,170,479,249,0.6805,1225,0.4846,0.9213
14,1.400,5,732,291,757,408,0.8547,2004,0.6851,0.9806
15,1.500,1,342,199,375,286,0.8368,1434,0.4995,0.9738
15,1.500,2,492,235,532,323,0.7964,1441,0.4094,0.9810
15,1.500,3,443,171,475,250,0.7775,989,0.3912,0.9167
15,1.500,5,728,288,753,399,0.8706,1950,0.7027,0.9840
16,1.600,1,346,198,379,284,0.8242,1395,0.4915,0.9748
16,1.600,2,483,235,523,322,0.8219,1533,0.4405,0.9779
16,1.600,3,439,173,470,250,0.6833,995,0.4168,0.9688
16,1.600,5,724,283,750,394,0.7879,2086,0.7228,0.9860
17,1.700,1,354,195,387,280,0.8213,1357,0.4838,0.9764
17,1.700,2,472,235,512,320,0.8074,1503,0.4421,0.9804
17,1.700,5,713,281,740,391,0.7960,1584,0.5333,0.9615
18,1.800,1,360,194,394,278,0.7720,1479,0.5179,0.9805
18,1.800,2,463,234,502,319,0.7479,1466,0.4422,0.9788
18,1.800,5,707,279,735,390,0.7630,1658,0.5335,0.9719
18,1.800,6,742,278,765,381,0.7938,1607,0.6783,0.9311
19,1.900,1,362,193,396,277,0.7424,1405,0.4919,0.9751
19,1.900,2,454,233,492,319,0.8150,1436,0.4394,0.9785
19,1.900,5,703,277,732,387,0.7796,1769,0.5545,0.9772
19,1.900,6,739,276,762,379,0.8160,1586,0.6695,0.9526
20,2.000,1,365,192,398,276,0.7610,1608,0.5801,0.9631
20,2.000,2,442,232,480,317,0.7947,1427,0.4418,0.9783
20,2.000,5,693,273,722,380,0.8492,1894,0.6104,0.9801
20,2.000,6,733,271,755,372,0.8140,1335,0.6008,0.8208
21,2.100,1,367,191,401,275,0.7863,905,0.3169,0.7840
21,2.100,2,433,231,470,315,0.7215,1293,0.4160,0.9784
21,2.100,5,685,270,715,377,0.8341,1828,0.5695,0.9814
21,2.100,6,726,268,749,368,0.8113,1515,0.6587,0.8423
22,2.200,1,367,189,402,274,0.8363,254,0.0854,0.7495
22,2.200,2,427,231,462,313,0.7074,1334,0.4648,0.9776
22,2.200,5,678,269,709,376,0.8498,1953,0.5888,0.9766
22,2.200,6,719,265,743,367,0.7914,1157,0.4726,0.9816
23,2.300,1,369,188,403,272,0.7333,881,0.3085,0.8453
23,2.300,2,417,238,450,312,0.4905,885,0.3624,0.7850
23,2.300,5,670,266,702,372,0.8412,2042,0.6020,0.9789
23,2.300,6,711,263,736,364,0.8456,1371,0.5430,0.9770
24,2.400,1,370,187,403,271,0.7372,7,0.0025,0.6524
24,2.400,5,665,263,696,367,0.7797,1896,0.5881,0.9768
24,2.400,6,704,261,728,360,0.8099,1820,0.7660,0.9608
24,2.400,9,394,178,415,254,0.4646,118,0.0739,0.6775
25,2.500,1,371,187,403,271,0.7367,1591,0.5919,0.9741
25,2.500,5,661,260,691,363,0.7693,1847,0.5977,0.9762
25,2.500,6,698,258,723,357,0.8497,1486,0.6004,0.9775
25,2.500,9,393,181,414,254,0.4355,1412,0.9211,0.9008
26,2.600,1,372,186,405,270,0.7892,1755,0.6331,0.9565
26,2.600,5,658,258,688,361,0.7939,1504,0.4867,0.9610
26,2.600,6,693,258,720,356,0.8737,1757,0.6640,0.9680
27,2.700,1,373,185,405,270,0.7688,1658,0.6096,0.9746
27,2.700,5,650,258,681,361,0.7497,1767,0.5534,0.9739
27,2.700,6,688,257,715,356,0.7983,1803,0.6745,0.9725
28,2.800,1,376,183,408,267,0.7277,1742,0.6481,0.9707
28,2.800,5,643,256,675,357,0.8105,1648,0.5099,0.9821
28,2.800,6,681,254,708,348,0.8046,1652,0.6509,0.9673
29,2.900,1,377,182,409,266,0.7780,1923,0.7154,0.9755
29,2.900,5,636,254,668,354,0.8539,1966,0.6144,0.9749
29,2.900,6,675,251,701,343,0.7848,1751,0.7320,0.9747
30,3.000,1,378,180,410,265,0.8039,1986,0.7301,0.9780
30,3.000,5,630,252,663,353,0.8545,1953,0.5860,0.9831
30,3.000,6,669,249,696,343,0.8075,1680,0.6619,0.9459
31,3.100,5,622,251,655,352,0.8537,1922,0.5767,0.9773
31,3.100,6,659,248,688,342,0.8035,1554,0.5701,0.9590
31,3.100,3,377,180,410,264,0.7519,1907,0.6880,0.9701
32,3.200,5,617,248,651,351,0.8584,1917,0.5474,0.9781
32,3.200,6,653,246,682,338,0.8600,1488,0.5577,0.9696
32,3.200,1,380,178,412,264,0.7116,1968,0.7151,0.9724
33,3.300,5,612,246,646,346,0.8179,2219,0.6526,0.9363
33,3.300,6,646,243,675,336,0.8342,1696,0.6288,0.9719
33,3.300,1,381,178,413,263,0.5540,2047,0.7526,0.9688
33,3.300,9,390,183,414,264,0.4196,1389,0.7145,0.9108
34,3.400,5,608,243,642,343,0.8013,1965,0.5779,0.9778
34,3.400,6,640,242,670,336,0.8080,1464,0.5191,0.9726
34,3.400,1,380,178,411,263,0.4287,1825,0.6926,0.9510
34,3.400,9,391,184,415,266,0.4906,1525,0.7749,0.9527
34,3.400,3,373,179,403,261,0.6508,1330,0.5407,0.9416
35,3.500,5,604,241,638,341,0.8605,2094,0.6159,0.9605
35,3.500,6,636,241,666,336,0.8174,1741,0.6109,0.9542
35,3.500,9,391,183,415,266,0.5027,1382,0.6938,0.9784
35,3.500,3,373,179,401,260,0.6582,1087,0.4793,0.9634
36,3.600,5,599,241,633,337,0.7811,2001,0.6131,0.9731
36,3.600,6,629,240,659,334,0.8107,1535,0.5443,0.9710
36,3.600,9,393,184,416,264,0.7714,1019,0.5538,0.8925
36,3.600,3,373,180,400,258,0.6076,821,0.3898,0.9570
37,3.700,5,595,240,629,336,0.8219,1735,0.5316,0.9742
37,3.700,6,622,237,653,331,0.7855,1363,0.4677,0.9499
37,3.700,9,394,183,417,263,0.8013,1261,0.6853,0.9540
37,3.700,3,373,181,400,258,0.7071,748,0.3598,0.9626
38,3.800,5,588,237,623,333,0.8103,1543,0.4592,0.9770
38,3.800,6,615,234,645,326,0.8026,1363,0.4938,0.9790
38,3.800,9,395,183,419,263,0.7588,1044,0.5437,0.9059
38,3.800,3,373,181,400,258,0.7049,706,0.3396,0.9551
39,3.900,5,577,235,611,331,0.8385,2040,0.6250,0.9622
39,3.900,6,606,233,637,327,0.7872,1547,0.5309,0.9644
39,3.900,9,396,184,420,263,0.7248,476,0.2511,0.7606
39,3.900,3,373,179,400,258,0.7003,827,0.3877,0.8198
40,4.000,5,570,234,604,331,0.8142,1809,0.5485,0.9739
40,4.000,6,602,232,633,325,0.7796,1803,0.6254,0.9673
40,4.000,9,396,184,419,262,0.6700,58,0.0323,0.7641
40,4.000,3,374,179,401,257,0.7150,1173,0.5570,0.9686
40,4.000,13,745,284,762,396,0.8084,926,0.4863,0.9566
40,4.000,14,439,189,459,269,0.6605,812,0.5075,0.9694
41,4.100,5,565,233,600,330,0.8140,1877,0.5529,0.9754
41,4.100,6,597,230,628,323,0.7850,1976,0.6854,0.9512
41,4.100,9,397,184,420,261,0.5520,0,0.0000,0.0000
41,4.100,3,376,178,402,256,0.7639,1052,0.5187,0.9102
41,4.100,13,742,282,759,391,0.8261,1210,0.6530,0.9445
41,4.100,14,441,187,461,267,0.7038,875,0.5469,0.9776
42,4.200,5,561,230,595,325,0.7932,1496,0.4632,0.9774
42,4.200,6,591,227,622,319,0.8170,1749,0.6133,0.9676
42,4.200,9,397,184,419,261,0.4188,22,0.0130,0.5894
42,4.200,3,377,177,404,256,0.7339,1134,0.5316,0.9236
42,4.200,13,740,279,758,394,0.8262,1715,0.8285,0.9665
42,4.200,14,443,187,462,264,0.7758,1028,0.7027,0.9738
43,4.300,5,552,227,586,322,0.7661,1196,0.3703,0.9716
43,4.300,6,585,225,616,318,0.8287,1702,0.5904,0.9591
43,4.300,3,379,177,406,256,0.7867,1103,0.5171,0.9715
43,4.300,13,733,275,752,391,0.8912,1878,0.8521,0.9809
43,4.300,14,445,186,465,263,0.7824,1101,0.7149,0.9732
44,4.400,5,545,226,579,320,0.7801,1107,0.3464,0.9716
44,4.400,6,581,225,613,316,0.8448,1740,0.5975,0.9584
44,4.400,3,380,177,407,257,0.7820,1158,0.5361,0.9296
44,4.400,13,725,272,745,389,0.8609,1759,0.7517,0.9785
44,4.400,14,447,186,467,262,0.7673,1055,0.6941,0.9784
45,4.500,5,539,226,574,319,0.8152,1251,0.3843,0.9508
45,4.500,6,578,224,610,314,0.8420,1612,0.5597,0.9616
45,4.500,3,379,177,406,257,0.8124,1113,0.5153,0.9572
45,4.500,13,718,270,739,388,0.8336,1849,0.7462,0.9759
45,4.500,14,448,183,468,258,0.8153,1066,0.7107,0.9867
46,4.600,5,536,225,569,317,0.8341,1233,0.4061,0.9736
46,4.600,6,574,222,607,311,0.8471,1622,0.5523,0.9675
46,4.600,3,378,177,405,257,0.7984,1141,0.5282,0.9722
46,4.600,13,711,268,734,388,0.8621,1815,0.6576,0.9774
46,4.600,14,448,181,469,255,0.8271,1090,0.7014,0.9857
47,4.700,5,525,221,559,313,0.8536,1574,0.5032,0.9807
47,4.700,6,570,219,601,307,0.8066,1588,0.5821,0.9796
47,4.700,3,376,178,404,258,0.7911,1286,0.5741,0.9680
47,4.700,13,704,263,727,381,0.8355,1995,0.7351,0.9794
47,4.700,14,447,180,468,251,0.7607,1029,0.6901,0.9875
48,4.800,5,518,220,552,312,0.8429,1561,0.4990,0.9798
48,4.800,6,564,218,595,304,0.8128,1465,0.5495,0.9746
48,4.800,3,375,179,402,258,0.7826,1260,0.5907,0.9631
48,4.800,13,697,260,720,376,0.8182,2052,0.7691,0.9830
48,4.800,14,445,179,467,250,0.7441,1048,0.6709,0.9829
49,4.900,5,512,219,547,312,0.8593,1640,0.5038,0.9788
49,4.900,6,558,217,590,303,0.8189,1373,0.4989,0.9697
49,4.900,3,374,179,401,258,0.7549,1287,0.6034,0.9516
49,4.900,13,687,257,712,373,0.8519,1985,0.6845,0.9754
49,4.900,14,443,178,464,248,0.7459,954,0.6490,0.9823
50,5.000,5,505,217,540,308,0.8050,1614,0.5068,0.9808
50,5.000,6,554,216,586,301,0.8270,1353,0.4974,0.9712
50,5.000,3,373,180,401,258,0.7780,1263,0.5783,0.9581
50,5.000,13,679,256,705,371,0.8473,2340,0.7826,0.9747
50,5.000,14,436,175,458,246,0.6703,644,0.4123,0.9671
51,5.100,5,502,214,536,305,0.7977,1572,0.5081,0.9777
51,5.100,6,548,214,580,299,0.8268,1369,0.5033,0.9704
51,5.100,3,373,180,401,259,0.8032,1224,0.5533,0.9655
51,5.100,13,675,255,702,368,0.8187,2068,0.6778,0.9777
52,5.200,5,500,213,534,304,0.7985,1560,0.5042,0.9644
52,5.200,6,542,212,574,299,0.7509,1295,0.4652,0.9705
52,5.200,3,374,180,401,259,0.7879,1243,0.5827,0.9494
52,5.200,13,667,253,695,364,0.8843,2252,0.7246,0.9806
53,5.300,5,496,212,529,303,0.7954,1325,0.4412,0.9802
53,5.300,6,538,212,570,298,0.8065,1435,0.5214,0.9642
53,5.300,3,373,180,400,259,0.7338,1236,0.5795,0.9782
53,5.300,13,660,251,688,362,0.8617,1948,0.6268,0.9705
54,5.400,5,490,211,524,301,0.8170,1406,0.4595,0.9787
54,5.400,6,532,210,564,296,0.8322,1411,0.5127,0.9734
54,5.400,3,372,179,399,258,0.7256,1139,0.5340,0.9771
54,5.400,13,650,249,680,360,0.8774,1850,0.5556,0.9759
55,5.500,5,486,210,520,299,0.8440,1678,0.5545,0.9774
55,5.500,6,528,208,560,295,0.8179,1478,0.5309,0.9558
55,5.500,3,373,179,399,257,0.7458,1080,0.5325,0.9730
55,5.500,13,644,246,675,359,0.8537,2099,0.5992,0.9718
56,5.600,5,481,208,515,297,0.8708,1958,0.6471,0.9745
56,5.600,6,525,206,556,292,0.7466,1391,0.5218,0.9748
56,5.600,3,374,179,400,257,0.7601,1094,0.5394,0.9699
56,5.600,13,640,244,670,356,0.8195,2207,0.6568,0.9697
56,5.600,9,400,172,421,243,0.4749,729,0.4889,0.9672
57,5.700,5,474,207,509,296,0.8778,1648,0.5291,0.9815
57,5.700,6,518,206,549,290,0.8015,1581,0.6071,0.9648
57,5.700,3,376,176,402,256,0.6731,1440,0.6923,0.9843
57,5.700,13,633,240,663,349,0.8261,2180,0.6667,0.9811
58,5.800,5,470,207,505,296,0.8676,1524,0.4892,0.9804
58,5.800,6,513,206,544,288,0.8105,1165,0.4583,0.9701
58,5.800,3,377,174,404,256,0.7362,1381,0.6238,0.9699
58,5.800,13,626,238,656,346,0.8215,2343,0.7231,0.9763
59,5.900,5,467,206,503,296,0.8540,1586,0.4895,0.9760
59,5.900,6,511,205,542,288,0.7786,1286,0.4998,0.9677
59,5.900,3,376,177,402,258,0.6961,1259,0.5978,0.9478
59,5.900,13,622,238,653,345,0.8087,2302,0.6940,0.9701
60,6.000,5,465,203,500,292,0.8536,1531,0.4915,0.9832
60,6.000,6,504,202,535,285,0.7942,1369,0.5321,0.9729
60,6.000,3,375,179,401,260,0.6169,790,0.3751,0.8941
60,6.000,13,617,234,648,342,0.8402,2357,0.7040,0.9818
60,6.000,9,401,181,423,260,0.4917,14,0.0081,0.6406
61,6.100,5,464,201,499,290,0.8651,1560,0.5008,0.9792
61,6.100,6,498,200,529,283,0.8523,1357,0.5274,0.9792
61,6.100,3,376,181,401,259,0.7021,11,0.0056,0.8853
61,6.100,13,613,230,645,337,0.8618,2161,0.6311,0.9792
61,6.100,16,361,169,379,238,0.6812,840,0.6763,0.9798
61,6.100,9,400,182,422,263,0.4606,0,0.0000,0.0000
62,6.200,5,463,200,497,287,0.8467,1567,0.5297,0.9771
62,6.200,6,495,200,526,283,0.8385,1289,0.5010,0.9796
62,6.200,3,376,182,400,259,0.7497,7,0.0038,0.7041
62,6.200,13,610,228,643,335,0.8622,2093,0.5927,0.9796
62,6.200,16,354,169,373,238,0.7575,748,0.5706,0.9703
62,6.200,9,400,183,422,264,0.4865,0,0.0000,0.0000
63,6.300,5,462,199,495,286,0.8100,1114,0.3880,0.9709
63,6.300,6,492,200,523,283,0.8106,1299,0.5049,0.9707
63,6.300,3,374,181,400,259,0.7648,10,0.0049,0.7448
63,6.300,13,607,227,640,333,0.8605,1983,0.5669,0.9779
63,6.300,16,350,171,369,239,0.7344,740,0.5728,0.9785
63,6.300,9,400,183,421,264,0.5072,6,0.0035,0.5584
64,6.400,5,458,198,491,284,0.8397,1148,0.4045,0.9701
64,6.400,6,490,197,520,278,0.8465,1357,0.5584,0.9634
64,6.400,3,373,181,399,260,0.7116,0,0.0000,0.0000
64,6.400,13,604,225,636,331,0.8576,1960,0.5778,0.9693
64,6.400,16,338,169,358,237,0.7553,774,0.5691,0.9799
65,6.500,5,455,197,487,281,0.8262,1512,0.5625,0.9642
65,6.500,6,489,196,518,275,0.8169,1321,0.5766,0.9791
65,6.500,3,373,180,399,260,0.7390,0,0.0000,0.0000
65,6.500,13,601,222,634,328,0.8602,1970,0.5632,0.9772
65,6.500,16,331,168,351,237,0.7044,830,0.6014,0.9772
66,6.600,5,451,195,484,280,0.8592,1580,0.5633,0.9760
66,6.600,6,488,195,517,275,0.7967,1436,0.6190,0.9786
66,6.600,3,371,180,399,260,0.7502,1023,0.4567,0.9215
66,6.600,13,599,218,631,323,0.8533,2074,0.6173,0.9823
66,6.600,16,325,170,345,236,0.6606,809,0.6129,0.9750
67,6.700,5,449,194,481,279,0.8411,1483,0.5452,0.9834
67,6.700,6,486,195,514,275,0.7488,1454,0.6491,0.9716
67,6.700,3,372,180,400,260,0.7749,1146,0.5116,0.9660
67,6.700,13,597,217,629,321,0.8403,2228,0.6695,0.9819
67,6.700,16,320,170,340,236,0.6809,796,0.6030,0.9764
68,6.800,5,446,193,479,278,0.7957,1302,0.4642,0.9777
68,6.800,6,482,192,512,274,0.7702,1484,0.6033,0.9695
68,6.800,3,372,179,399,259,0.8099,1207,0.5588,0.9709
68,6.800,13,593,214,625,319,0.8276,2265,0.6741,0.9759
68,6.800,16,309,168,330,235,0.7463,808,0.5743,0.9799
69,6.900,5,444,191,477,277,0.8193,1361,0.4796,0.9692
69,6.900,6,480,191,509,272,0.7805,1496,0.6369,0.9776
69,6.900,3,371,179,399,259,0.7740,1221,0.5451,0.9703
69,6.900,13,590,211,622,315,0.8559,2135,0.6415,0.9719
69,6.900,16,302,168,324,235,0.7447,846,0.5739,0.9784
70,7.000,5,443,190,476,276,0.7923,1384,0.4877,0.9768
70,7.000,6,478,189,507,270,0.7751,1432,0.6096,0.9759
70,7.000,3,370,179,399,259,0.7754,1113,0.4797,0.9659
70,7.000,13,588,208,619,310,0.8736,2051,0.6486,0.9790
70,7.000,16,297,170,319,235,0.7584,1010,0.7063,0.9798
71,7.100,5,443,188,475,273,0.8039,1409,0.5180,0.9771
71,7.100,6,476,188,505,269,0.7867,1363,0.5802,0.9812
71,7.100,3,369,179,398,259,0.7653,1105,0.4763,0.9663
71,7.100,13,585,207,617,307,0.8725,1857,0.5803,0.9790
71,7.100,16,293,170,316,235,0.7046,763,0.5104,0.9782
72,7.200,5,441,186,473,269,0.7891,1472,0.5542,0.9739
72,7.200,6,476,187,505,268,0.7989,1285,0.5470,0.9746
72,7.200,3,370,179,399,259,0.7950,1162,0.5009,0.9717
72,7.200,13,582,206,614,306,0.8171,1790,0.5594,0.9763
72,7.200,16,283,170,306,235,0.7516,863,0.5773,0.9797
73,7.300,5,441,186,472,268,0.7817,1407,0.5535,0.9622
73,7.300,6,476,186,504,266,0.7723,1137,0.5076,0.9782
73,7.300,3,370,179,399,260,0.7649,1163,0.4951,0.9782
73,7.300,13,580,205,611,304,0.8437,1743,0.5679,0.9735
73,7.300,16,276,171,299,236,0.7630,1033,0.6910,0.9738
74,7.400,5,440,185,470,265,0.7869,1380,0.5750,0.9812
74,7.400,6,476,184,504,264,0.7793,1130,0.5045,0.9785
74,7.400,3,371,179,399,260,0.7832,1161,0.5119,0.9735
74,7.400,13,578,201,610,301,0.8575,1708,0.5337,0.9793
74,7.400,16,271,171,296,236,0.7012,1082,0.6658,0.9665
75,7.500,5,440,182,470,262,0.8012,1322,0.5508,0.9710
75,7.500,6,478,182,505,260,0.7807,1252,0.5945,0.9817
75,7.500,3,370,179,399,260,0.7432,532,0.2265,0.6833
75,7.500,13,576,198,607,296,0.8312,1906,0.6274,0.9806
75,7.500,16,265,170,289,236,0.8083,962,0.6073,0.9832
76,7.600,5,439,180,469,261,0.7833,1367,0.5626,0.9783
76,7.600,6,478,181,505,258,0.7918,1252,0.6022,0.9761
76,7.600,3,370,180,399,260,0.7171,988,0.4259,0.8765
76,7.600,13,574,196,605,294,0.8329,1872,0.6162,0.9794
76,7.600,16,261,170,286,237,0.7688,937,0.5594,0.9802
77,7.700,5,439,181,469,261,0.7910,1366,0.5692,0.9712
77,7.700,6,478,181,505,258,0.7940,1316,0.6330,0.9712
77,7.700,3,369,180,398,260,0.7308,1131,0.4875,0.9185
77,7.700,13,573,196,604,293,0.8483,1833,0.6096,0.9784
77,7.700,16,258,170,285,239,0.7728,907,0.4868,0.9844
78,7.800,5,441,178,470,257,0.7700,1537,0.6709,0.9770
78,7.800,6,476,179,504,257,0.7947,1212,0.5549,0.9748
78,7.800,3,371,180,400,260,0.7458,1137,0.4901,0.9686
78,7.800,13,571,192,602,288,0.8402,1793,0.6025,0.9768
78,7.800,16,257,170,284,241,0.8119,943,0.4919,0.9809
79,7.900,5,442,176,471,255,0.8195,12,0.0052,0.6867
79,7.900,6,475,176,503,254,0.8186,1148,0.5256,0.9753
79,7.900,3,371,180,400,260,0.7180,1121,0.4832,0.9645
79,7.900,13,570,189,600,284,0.8379,1759,0.6172,0.9764
79,7.900,16,257,171,284,242,0.8298,1018,0.5310,0.9826
79,7.900,17,276,52,288,85,0.4871,100,0.2525,0.9581
80,8.000,5,442,173,473,254,0.8099,1261,0.5022,0.8468
80,8.000,6,475,174,502,252,0.7999,1355,0.6434,0.9797
80,8.000,3,371,180,399,259,0.7064,1019,0.4607,0.9672
80,8.000,13,568,187,599,283,0.8450,1694,0.5692,0.9797
80,8.000,16,257,173,284,243,0.8064,989,0.5233,0.9865
80,8.000,17,275,53,287,85,0.5281,174,0.4531,0.9385
81,8.100,5,443,170,474,253,0.7951,1024,0.3980,0.8766
81,8.100,6,474,173,502,250,0.7799,1371,0.6359,0.9756
81,8.100,3,371,180,399,259,0.6735,932,0.4213,0.9643
81,8.100,13,567,187,597,282,0.8523,1777,0.6235,0.9691
81,8.100,16,258,174,285,245,0.7952,924,0.4820,0.9833
81,8.100,17,273,53,285,85,0.5527,165,0.4297,0.9435
82,8.200,5,445,170,476,251,0.8068,434,0.1728,0.8058
82,8.200,6,475,172,503,249,0.7938,1273,0.5904,0.9597
82,8.200,3,372,180,400,259,0.6711,840,0.3797,0.9510
82,8.200,13,565,185,595,280,0.8487,1536,0.5389,0.9722
82,8.200,16,259,176,286,247,0.7929,928,0.4841,0.9828
82,8.200,17,270,53,283,85,0.5639,184,0.4423,0.8986
83,8.300,5,447,169,477,248,0.7391,1281,0.5405,0.9787
83,8.300,6,477,171,504,248,0.7496,1241,0.5969,0.9731
83,8.300,3,373,179,400,259,0.6978,842,0.3898,0.9614
83,8.300,13,564,182,594,275,0.8443,1598,0.5728,0.9786
83,8.300,16,261,177,288,248,0.7563,960,0.5008,0.9813
83,8.300,17,268,54,281,86,0.6145,175,0.4207,0.9435
83,8.300,19,377,179,423,260,0.3810,843,0.2262,0.9088
84,8.400,5,448,167,477,245,0.7907,1335,0.5902,0.9719
84,8.400,6,479,169,507,245,0.7795,1198,0.5630,0.9790
84,8.400,3,374,178,401,260,0.7029,887,0.4006,0.9577
84,8.400,13,564,181,594,272,0.8382,1733,0.6348,0.9747
84,8.400,16,263,178,291,250,0.7502,1014,0.5030,0.9855
84,8.400,17,267,54,279,86,0.5682,188,0.4896,0.9521
84,8.400,19,375,179,422,261,0.4673,872,0.2263,0.9491
85,8.500,5,450,166,478,241,0.8191,0,0.0000,0.0000
85,8.500,6,482,168,509,242,0.8274,1068,0.5345,0.9800
85,8.500,3,375,178,403,260,0.8079,994,0.4329,0.9738
85,8.500,13,564,179,594,272,0.8454,1549,0.5552,0.9795
85,8.500,16,269,180,296,251,0.6330,1020,0.5321,0.9864
85,8.500,17,262,53,275,86,0.4828,190,0.4429,0.9694
85,8.500,19,373,179,420,261,0.5045,965,0.2504,0.9691
86,8.600,5,451,166,479,239,0.8106,779,0.3811,0.7400
86,8.600,6,484,167,510,241,0.8073,1060,0.5509,0.9746
86,8.600,3,375,177,403,259,0.8109,1068,0.4652,0.9673
86,8.600,13,564,177,594,270,0.8287,1512,0.5419,0.9799
86,8.600,16,273,182,300,252,0.7127,1095,0.5794,0.9800
86,8.600,17,259,53,272,87,0.5174,225,0.5090,0.8871
87,8.700,5,452,165,480,237,0.8299,673,0.3338,0.7844
87,8.700,6,484,166,511,241,0.8177,946,0.4672,0.9752
87,8.700,3,375,177,403,259,0.7920,1001,0.4360,0.9238
87,8.700,13,565,176,594,267,0.8479,1504,0.5699,0.9760
87,8.700,16,276,182,304,254,0.7425,1208,0.5992,0.9779
87,8.700,17,257,55,270,88,0.5603,219,0.5105,0.9075
88,8.800,5,456,161,484,235,0.7950,1164,0.5618,0.9654
88,8.800,6,486,163,512,237,0.7784,1042,0.5416,0.9787
88,8.800,3,373,178,402,259,0.7812,1203,0.5121,0.9750
88,8.800,13,566,174,595,263,0.8392,1622,0.6284,0.9820
88,8.800,16,282,184,309,255,0.7893,968,0.5050,0.9867
88,8.800,17,254,55,267,88,0.5152,198,0.4615,0.9731
89,8.900,5,458,160,486,233,0.7675,1078,0.5274,0.9315
89,8.900,6,488,162,514,235,0.7556,1318,0.6944,0.9534
89,8.900,3,373,178,402,258,0.7464,1323,0.5703,0.9744
89,8.900,13,568,173,596,260,0.8119,1585,0.6507,0.9776
89,8.900,16,286,186,313,257,0.8250,1075,0.5608,0.9828
89,8.900,17,251,56,265,89,0.5570,262,0.5671,0.9704
90,9.000,5,460,158,489,233,0.7904,985,0.4529,0.9301
90,9.000,6,490,162,516,233,0.7671,1134,0.6143,0.9546
90,9.000,3,374,178,404,259,0.7542,1407,0.5790,0.9712
90,9.000,13,569,172,598,260,0.8091,1492,0.5846,0.9772
90,9.000,16,289,187,317,261,0.8021,1072,0.5174,0.9741
90,9.000,17,250,57,263,90,0.5996,208,0.4848,0.9636
91,9.100,5,462,158,491,233,0.8056,1053,0.4841,0.9615
91,9.100,6,492,162,518,232,0.7734,1201,0.6599,0.9721
91,9.100,3,375,178,405,259,0.7705,1336,0.5498,0.9254
91,9.100,13,571,171,598,257,0.8082,1400,0.6029,0.9765
91,9.100,16,292,187,321,262,0.8075,1111,0.5108,0.9797
91,9.100,17,248,57,262,91,0.6775,205,0.4307,0.9415
92,9.200,5,466,156,495,230,0.7575,1100,0.5126,0.9772
92,9.200,6,495,160,522,232,0.7603,1163,0.5983,0.9783
92,9.200,3,378,178,408,259,0.7926,1460,0.6008,0.9504
92,9.200,13,573,166,601,253,0.8481,1464,0.6010,0.9768
92,9.200,16,299,189,327,263,0.7674,1280,0.6178,0.9752
92,9.200,17,244,57,258,91,0.5583,172,0.3613,0.9797
93,9.300,5,469,154,497,228,0.7894,1218,0.5878,0.9751
93,9.300,6,498,158,525,230,0.7408,1156,0.5947,0.9715
93,9.300,3,380,178,410,259,0.7747,1473,0.6062,0.9605
93,9.300,13,574,164,603,251,0.8303,1394,0.5525,0.9739
93,9.300,16,305,190,334,265,0.7504,1168,0.5370,0.9744
93,9.300,17,241,57,255,91,0.5274,183,0.3845,0.9715
94,9.400,5,472,154,500,226,0.7544,1296,0.6429,0.9501
94,9.400,6,501,158,526,227,0.7374,973,0.5641,0.9751
94,9.400,3,380,178,411,259,0.7530,1114,0.4436,0.9266
94,9.400,13,576,164,605,251,0.8201,1354,0.5367,0.9745
94,9.400,16,309,191,338,266,0.7199,1185,0.5448,0.9745
94,9.400,17,238,58,253,93,0.5943,166,0.3162,0.9695
95,9.500,5,476,154,504,226,0.7444,1185,0.5878,0.9623
95,9.500,6,502,158,528,227,0.7795,987,0.5502,0.9728
95,9.500,3,381,178,412,258,0.7652,1296,0.5226,0.8825
95,9.500,13,578,163,606,249,0.8072,1319,0.5478,0.9715
95,9.500,16,313,192,342,267,0.7324,1171,0.5384,0.9799
95,9.500,17,236,59,250,93,0.5333,199,0.4181,0.9744
96,9.600,5,480,152,507,225,0.7068,1488,0.7549,0.9602
96,9.600,6,505,155,531,226,0.7778,1105,0.5986,0.9363
96,9.600,3,381,178,412,258,0.7809,1678,0.6766,0.9558
96,9.600,13,580,160,608,244,0.8318,1314,0.5587,0.9776
96,9.600,16,321,194,350,269,0.8068,1139,0.5237,0.9748
96,9.600,17,233,59,248,93,0.5685,163,0.3196,0.9378
97,9.700,5,483,150,510,222,0.8518,1270,0.6533,0.9720
97,9.700,6,508,153,534,224,0.7740,1036,0.5612,0.9814
97,9.700,3,382,178,413,257,0.7897,341,0.1392,0.7235
97,9.700,13,582,158,609,242,0.7991,1451,0.6398,0.9790
97,9.700,16,327,196,356,272,0.8291,1125,0.5104,0.9788
97,9.700,17,231,60,246,93,0.6089,236,0.4768,0.9240
98,9.800,5,485,149,513,221,0.8181,1073,0.5322,0.9749
98,9.800,6,510,152,535,223,0.7831,1110,0.6254,0.9586
98,9.800,3,382,178,413,257,0.7957,692,0.2826,0.7868
98,9.800,13,584,158,611,240,0.7844,1411,0.6373,0.9767
98,9.800,16,332,196,361,273,0.7413,1040,0.4657,0.9770
98,9.800,17,229,60,244,93,0.6669,238,0.4808,0.9056
99,9.900,5,489,148,517,220,0.8029,933,0.4628,0.9145
99,9.900,6,513,152,539,221,0.7012,877,0.4889,0.8502
99,9.900,3,380,178,411,257,0.8294,155,0.0633,0.7231
99,9.900,13,588,157,614,238,0.7533,1329,0.6311,0.9821
99,9.900,16,341,197,369,274,0.7735,1221,0.5663,0.9830
99,9.900,17,225,60,240,94,0.6006,184,0.3608,0.9764
100,10.000,5,492,148,519,218,0.8560,978,0.5175,0.9582
100,10.000,6,516,151,541,219,0.7383,918,0.5400,0.9376
100,10.000,3,378,178,409,256,0.7768,0,0.0000,0.0000
100,10.000,13,590,155,616,234,0.7951,1346,0.6553,0.9792
100,10.000,16,348,198,377,275,0.7722,1154,0.5168,0.9793
100,10.000,17,222,61,237,95,0.5908,196,0.3843,0.9413
101,10.100,5,495,146,522,217,0.7799,1118,0.5832,0.9481
101,10.100,6,519,149,543,217,0.7541,1289,0.7898,0.9477
101,10.100,3,378,178,409,256,0.7548,0,0.0000,0.0000
101,10.100,13,592,152,619,232,0.8083,1279,0.5921,0.9771
101,10.100,16,353,199,383,277,0.7552,1141,0.4876,0.9746
101,10.100,17,220,61,235,95,0.6605,204,0.4000,0.9702
102,10.200,5,498,144,524,214,0.7658,1005,0.5522,0.9801
102,10.200,6,522,148,547,216,0.7771,942,0.5541,0.9299
102,10.200,3,378,177,410,254,0.7043,337,0.1368,0.7683
102,10.200,13,594,151,621,232,0.7922,1220,0.5578,0.9749
102,10.200,16,357,199,386,276,0.7420,1138,0.5096,0.9785
102,10.200,17,218,61,232,96,0.6251,210,0.4286,0.9733
103,10.300,5,502,144,529,213,0.8149,1083,0.5813,0.9385
103,10.300,6,527,148,551,215,0.7746,774,0.4813,0.9367
103,10.300,13,598,150,625,229,0.7708,1243,0.5827,0.9706
103,10.300,16,368,201,398,278,0.6954,1469,0.6359,0.9828
103,10.300,17,215,61,229,96,0.5451,164,0.3347,0.9576
104,10.400,5,505,143,532,212,0.7678,998,0.5357,0.9728
104,10.400,6,530,147,554,214,0.7874,881,0.5479,0.9482
104,10.400,13,601,148,627,227,0.7705,1080,0.5258,0.9756
104,10.400,17,212,63,227,98,0.5434,219,0.4171,0.9545
104,10.400,3,373,176,411,273,0.8081,1755,0.4761,0.9722
105,10.500,5,509,143,535,211,0.6994,1231,0.6963,0.9030
105,10.500,6,534,146,559,213,0.8242,987,0.5893,0.9246
105,10.500,13,605,145,631,225,0.7771,1300,0.6250,0.9796
105,10.500,17,208,63,222,97,0.4664,212,0.4454,0.9494
105,10.500,3,376,178,416,278,0.6191,1704,0.4260,0.9754
105,10.500,16,385,199,416,281,0.5617,1314,0.5169,0.9586
106,10.600,5,513,142,538,209,0.8197,1118,0.6675,0.9014
106,10.600,6,538,145,562,213,0.7865,916,0.5613,0.9679
106,10.600,13,608,145,634,223,0.7312,1186,0.5848,0.9697
106,10.600,17,202,64,217,98,0.5348,210,0.4118,0.9647
106,10.600,3,377,179,411,265,0.6379,561,0.1919,0.9794
106,10.600,16,394,202,423,280,0.6803,987,0.4363,0.9748
107,10.700,5,515,141,541,207,0.7848,1034,0.6026,0.9283
107,10.700,6,541,145,565,212,0.7943,1015,0.6312,0.9791
107,10.700,13,610,145,635,222,0.7784,1315,0.6831,0.9616
107,10.700,17,199,64,214,99,0.5896,183,0.3486,0.9144
107,10.700,3,378,179,408,257,0.6976,1458,0.6231,0.9484
107,10.700,16,402,203,431,281,0.3698,74,0.0327,0.7871
108,10.800,5,520,141,545,207,0.7854,956,0.5794,0.9766
108,10.800,6,545,144,569,209,0.7264,1258,0.8064,0.9145
108,10.800,13,614,144,639,220,0.7819,1194,0.6284,0.9773
108,10.800,17,196,65,211,99,0.5745,215,0.4216,0.9567
108,10.800,3,376,177,406,255,0.7480,1396,0.5966,0.9582
109,10.900,5,523,140,549,206,0.8143,986,0.5746,0.9541
109,10.900,6,548,144,571,207,0.6776,944,0.6515,0.8882
109,10.900,13,616,142,641,218,0.7891,1101,0.5795,0.9396
109,10.900,17,194,64,210,100,0.6108,259,0.4497,0.9671
109,10.900,3,375,177,404,254,0.7680,1423,0.6373,0.9723
110,11.000,5,526,139,552,206,0.7174,1272,0.7302,0.9264
110,11.000,6,550,144,573,206,0.7625,1120,0.7854,0.9804
110,11.000,13,619,140,645,217,0.7953,1169,0.5839,0.9744
110,11.000,17,193,65,209,100,0.5816,241,0.4304,0.9433
110,11.000,3,374,178,403,253,0.7704,1312,0.6032,0.9703
111,11.100,5,529,138,554,204,0.7609,938,0.5685,0.9742
111,11.100,6,552,143,576,207,0.7822,1007,0.6556,0.9112
111,11.100,13,621,140,647,216,0.7707,1190,0.6022,0.9608
111,11.100,17,192,65,209,101,0.6342,234,0.3824,0.9447
111,11.100,3,372,178,402,253,0.7502,1431,0.6360,0.9761
111,11.100,16,434,205,464,283,0.8112,996,0.4256,0.9509
112,11.200,5,532,137,557,203,0.7869,928,0.5624,0.9815
112,11.200,6,556,142,580,206,0.7824,968,0.6302,0.9387
112,11.200,13,624,139,650,215,0.7716,1054,0.5334,0.9673
112,11.200,17,190,65,206,102,0.6294,246,0.4155,0.9545
112,11.200,3,370,179,400,254,0.7843,1375,0.6111,0.9716
112,11.200,16,441,207,472,284,0.8193,1363,0.5710,0.9719
113,11.300,5,537,136,562,203,0.7074,1130,0.6746,0.9313
113,11.300,6,561,142,585,205,0.7591,998,0.6601,0.9385
113,11.300,13,628,136,654,212,0.8127,1017,0.5147,0.9671
113,11.300,17,186,66,201,102,0.5767,239,0.4426,0.9653
113,11.300,3,369,179,399,256,0.7917,1265,0.5476,0.9732
113,11.300,16,451,207,481,284,0.7503,1136,0.4918,0.9808
114,11.400,5,540,136,566,203,0.6504,906,0.5201,0.9280
114,11.400,6,564,142,588,204,0.6619,621,0.4173,0.9589
114,11.400,13,631,135,656,210,0.7653,1116,0.5952,0.9828
114,11.400,17,183,67,199,104,0.5933,209,0.3530,0.9550
114,11.400,3,369,179,399,257,0.7614,1275,0.5449,0.9803
114,11.400,16,459,208,488,285,0.7795,1313,0.5880,0.9820
115,11.500,5,543,134,569,203,0.6540,862,0.4805,0.9658
115,11.500,6,567,140,591,204,0.7243,633,0.4121,0.9728
115,11.500,13,634,135,659,210,0.7114,1211,0.6459,0.9763
115,11.500,17,181,68,197,104,0.6217,210,0.3646,0.9376
115,11.500,3,369,180,399,258,0.7390,1379,0.5893,0.9733
115,11.500,16,467,209,498,287,0.7743,1282,0.5302,0.9816
115,11.500,21,737,227,766,311,0.7258,1,0.0004,0.5436
116,11.600,5,545,133,570,200,0.6953,808,0.4824,0.9309
116,11.600,6,569,138,594,203,0.7872,770,0.4738,0.9698
116,11.600,13,636,135,661,209,0.7133,1196,0.6465,0.9575
116,11.600,17,178,68,194,104,0.6365,210,0.3646,0.9688
116,11.600,3,371,181,401,258,0.7647,1384,0.5991,0.9654
116,11.600,16,471,210,503,288,0.7742,1661,0.6655,0.9465
116,11.600,21,736,225,766,311,0.7199,29,0.0112,0.7026
117,11.700,5,549,131,575,198,0.6708,947,0.5436,0.9611
117,11.700,6,574,137,598,201,0.7055,948,0.6172,0.9157
117,11.700,13,640,134,664,207,0.7281,1085,0.6193,0.9686
117,11.700,17,176,69,191,105,0.5795,235,0.4352,0.9351
117,11.700,3,371,181,402,260,0.7622,1560,0.6370,0.9589
117,11.700,16,482,211,513,290,0.7299,1188,0.4851,0.9811
117,11.700,21,723,224,753,310,0.7990,0,0.0000,0.0000
118,11.800,5,552,130,578,197,0.6668,727,0.4173,0.8334
118,11.800,6,578,136,602,200,0.6871,777,0.5059,0.9550
118,11.800,13,642,132,667,205,0.8301,1118,0.6126,0.9807
118,11.800,17,173,69,189,106,0.7009,248,0.4189,0.9599
118,11.800,3,372,182,402,260,0.7345,1285,0.5491,0.9689
118,11.800,16,490,210,521,291,0.7885,1203,0.4791,0.9838
118,11.800,21,712,223,743,309,0.8455,0,0.0000,0.0000
119,11.900,5,555,130,581,196,0.6786,671,0.3910,0.7499
119,11.900,6,580,135,604,198,0.6896,1118,0.7394,0.9091
119,11.900,13,645,130,670,204,0.8052,998,0.5395,0.9530
119,11.900,17,171,69,188,106,0.6546,258,0.4102,0.9646
119,11.900,3,371,183,401,260,0.7165,1254,0.5429,0.9723
119,11.900,16,498,211,530,292,0.7825,1250,0.4823,0.9796
119,11.900,21,705,222,737,308,0.7300,1081,0.3928,0.8258
120,12.000,5,560,129,585,194,0.7457,910,0.5600,0.9730
120,12.000,6,585,134,609,198,0.7337,788,0.5130,0.9200
120,12.000,13,649,129,675,203,0.7876,1118,0.5811,0.9722
120,12.000,17,166,70,183,107,0.6038,226,0.3593,0.9762
120,12.000,3,373,182,403,261,0.7404,1209,0.5101,0.9626
120,12.000,16,508,214,539,295,0.7499,1140,0.4540,0.9757
121,12.100,5,563,128,588,193,0.7742,956,0.5883,0.9733
121,12.100,6,589,132,613,197,0.7549,921,0.5904,0.9533
121,12.100,13,653,129,678,202,0.7795,894,0.4899,0.9763
121,12.100,17,163,71,179,107,0.5652,225,0.3906,0.9556
121,12.100,3,374,182,404,261,0.7440,1071,0.4519,0.9604
121,12.100,16,517,214,547,296,0.7669,1209,0.4915,0.9812
121,12.100,21,680,212,714,303,0.7481,1393,0.4502,0.8209
122,12.200,5,569,128,594,192,0.7086,881,0.5506,0.9619
122,12.200,6,593,131,617,196,0.6419,926,0.5936,0.9527
122,12.200,13,657,127,682,200,0.7740,987,0.5408,0.9808
122,12.200,17,159,72,174,107,0.6082,212,0.4038,0.9775
122,12.200,3,376,182,406,261,0.7490,1087,0.4586,0.9588
122,12.200,16,528,216,559,297,0.8048,1340,0.5337,0.9763
122,12.200,21,669,213,703,300,0.7030,96,0.0325,0.6186
123,12.300,5,572,128,597,191,0.7054,1022,0.6489,0.9403
123,12.300,6,595,131,620,195,0.7300,846,0.5288,0.9448
123,12.300,13,661,126,686,199,0.6987,1113,0.6099,0.9780
123,12.300,17,156,72,171,108,0.6402,292,0.5407,0.9576
123,12.300,3,378,182,407,261,0.7800,1068,0.4662,0.9566
123,12.300,16,534,217,567,298,0.8004,1356,0.5073,0.9789
123,12.300,21,660,212,693,298,0.7751,1058,0.3728,0.9316
124,12.400,5,574,127,599,190,0.6587,362,0.2298,0.7025
124,12.400,6,597,129,622,195,0.7956,753,0.4564,0.9561
124,12.400,13,664,126,688,198,0.7433,796,0.4606,0.9328
124,12.400,17,154,73,169,109,0.6531,220,0.4074,0.9446
124,12.400,3,378,182,407,261,0.7694,925,0.4038,0.9774
124,12.400,16,542,217,574,300,0.7544,1329,0.5004,0.9824
124,12.400,21,650,211,684,298,0.7762,1586,0.5362,0.9497
125,12.500,5,577,127,601,188,0.6405,879,0.6004,0.8722
125,12.500,6,599,128,623,193,0.7720,804,0.5154,0.9729
125,12.500,13,665,126,689,197,0.7586,718,0.4214,0.9715
125,12.500,17,152,74,167,109,0.6470,242,0.4610,0.9527
125,12.500,3,379,182,407,260,0.7714,961,0.4400,0.9672
125,12.500,16,549,217,582,300,0.7980,1239,0.4524,0.9805
125,12.500,21,641,211,676,297,0.8356,1839,0.6110,0.8845
126,12.600,5,580,125,604,188,0.6910,820,0.5423,0.9482
126,12.600,6,601,128,624,192,0.6941,926,0.6291,0.9705
126,12.600,13,667,126,690,195,0.7410,963,0.6068,0.9744
126,12.600,17,149,74,165,110,0.5768,238,0.4132,0.9634
126,12.600,3,380,181,409,260,0.7608,936,0.4086,0.9642
126,12.600,16,557,218,589,302,0.7690,1354,0.5037,0.9772
126,12.600,21,635,210,670,296,0.8721,3,0.0010,0.7621
127,12.700,5,583,125,607,186,0.6753,873,0.5963,0.9625
127,12.700,6,605,128,627,189,0.6241,1067,0.7951,0.9494
127,12.700,13,671,123,695,193,0.7331,901,0.5363,0.9560
127,12.700,17,145,75,160,110,0.6455,228,0.4343,0.9523
127,12.700,3,381,181,409,261,0.7596,926,0.4134,0.9574
127,12.700,16,566,221,599,305,0.7998,1215,0.4383,0.9752
127,12.700,21,625,207,661,293,0.8212,128,0.0413,0.6765
128,12.800,5,586,123,610,185,0.6472,844,0.5672,0.9615
128,12.800,6,607,127,630,186,0.7213,1077,0.7937,0.9425
128,12.800,13,674,122,698,192,0.6565,959,0.5708,0.9710
128,12.800,17,141,76,157,112,0.6310,194,0.3368,0.9673
128,12.800,3,381,181,409,261,0.7727,1032,0.4607,0.9649
128,12.800,16,575,222,607,305,0.7496,1173,0.4416,0.9804
128,12.800,21,614,205,650,291,0.7716,0,0.0000,0.0000
129,12.900,5,587,122,612,185,0.7451,793,0.5035,0.9596
129,12.900,6,610,127,632,187,0.6787,765,0.5795,0.9449
129,12.900,13,676,122,701,192,0.6864,867,0.4954,0.9588
129,12.900,17,139,76,155,113,0.6422,222,0.3750,0.9494
129,12.900,3,381,182,408,261,0.7629,1084,0.5082,0.9715
129,12.900,16,584,222,616,306,0.7341,1247,0.4639,0.9867
129,12.900,21,609,205,645,290,0.7199,26,0.0085,0.8735
130,13.000,5,590,120,615,183,0.6943,0,0.0000,0.0000
130,13.000,6,615,126,638,186,0.7061,779,0.5645,0.9617
130,13.000,13,681,120,704,189,0.7224,845,0.5325,0.9788
130,13.000,17,135,77,150,113,0.6496,245,0.4537,0.9683
130,13.000,3,381,183,408,263,0.8131,1120,0.5185,0.9693
130,13.000,16,596,224,629,307,0.8066,1414,0.5162,0.9801
131,13.100,5,593,120,618,182,0.6532,0,0.0000,0.0000
131,13.100,6,619,126,642,185,0.6703,644,0.4746,0.9792
131,13.100,13,685,119,708,188,0.7567,923,0.5816,0.9747
131,13.100,17,131,78,147,114,0.7072,217,0.3767,0.9668
131,13.100,3,381,185,408,263,0.7540,1079,0.5123,0.9716
131,13.100,16,603,225,636,308,0.8328,1415,0.5166,0.9700
131,13.100,21,586,201,622,290,0.6097,621,0.1938,0.9836
132,13.200,5,595,119,620,181,0.5783,112,0.0723,0.6342
132,13.200,6,621,125,644,184,0.6491,571,0.4208,0.9604
132,13.200,13,687,118,710,186,0.6668,920,0.5882,0.9711
132,13.200,17,129,78,146,115,0.6323,231,0.3672,0.9620
132,13.200,3,380,185,407,263,0.7399,1125,0.5342,0.9794
132,13.200,16,610,225,643,308,0.7659,1252,0.4571,0.9768
132,13.200,23,748,258,768,348,0.5875,1103,0.6128,0.9839
132,13.200,21,578,201,614,287,0.7976,0,0.0000,0.0000
133,13.300,5,597,119,621,180,0.5850,800,0.5464,0.9491
133,13.300,6,623,124,646,183,0.5727,546,0.4024,0.9659
133,13.300,13,690,119,713,186,0.6644,1043,0.6768,0.9407
133,13.300,17,127,79,144,116,0.6415,232,0.3688,0.9617
133,13.300,3,379,185,406,263,0.7242,1089,0.5171,0.9801
133,13.300,16,619,225,652,310,0.7582,1225,0.4367,0.9705
133,13.300,23,744,254,765,349,0.7093,1661,0.8326,0.9781
133,13.300,21,572,201,609,285,0.7976,0,0.0000,0.0000
134,13.400,5,598,118,622,180,0.6965,891,0.5988,0.9722
134,13.400,6,624,124,647,183,0.6357,602,0.4436,0.9521
134,13.400,13,692,119,714,186,0.6958,784,0.5319,0.9336
134,13.400,17,124,79,140,115,0.6559,207,0.3594,0.9663
134,13.400,3,379,186,405,264,0.6979,1178,0.5809,0.9740
134,13.400,16,626,225,660,311,0.7991,1266,0.4330,0.9717
134,13.400,23,735,252,757,349,0.8713,651,0.3051,0.9700
134,13.400,21,566,199,602,282,0.8278,0,0.0000,0.0000
135,13.500,5,601,117,624,179,0.6969,910,0.6381,0.9703
135,13.500,6,624,123,648,183,0.7357,784,0.5444,0.9670
135,13.500,13,694,118,716,186,0.7419,746,0.4987,0.9633
135,13.500,17,121,80,137,117,0.7051,235,0.3970,0.9716
135,13.500,3,379,186,405,265,0.7146,1202,0.5852,0.9709
135,13.500,16,633,227,668,311,0.8496,1182,0.4020,0.9737
135,13.500,23,729,252,752,347,0.8386,1050,0.4805,0.9648
135,13.500,21,562,197,598,279,0.8108,1254,0.4248,0.9089
136,13.600,5,603,117,627,178,0.7111,817,0.5581,0.9679
136,13.600,6,626,122,649,181,0.7438,753,0.5549,0.9649
136,13.600,13,696,117,719,184,0.7327,781,0.5068,0.9382
136,13.600,17,119,81,135,119,0.6291,211,0.3470,0.9601
136,13.600,3,380,185,406,265,0.7234,1152,0.5538,0.9672
136,13.600,16,638,228,673,312,0.8136,1202,0.4088,0.9745
136,13.600,23,723,249,747,345,0.7196,1238,0.5373,0.9279
136,13.600,21,558,196,593,277,0.7885,166,0.0586,0.9649
137,13.700,5,607,117,630,177,0.7049,775,0.5616,0.9675
137,13.700,6,628,123,650,180,0.6946,733,0.5845,0.9037
137,13.700,13,699,115,722,183,0.6492,947,0.6055,0.9605
137,13.700,17,115,82,130,118,0.6719,221,0.4093,0.9631
137,13.700,3,382,184,408,266,0.7366,1117,0.5239,0.9524
137,13.700,16,651,228,686,313,0.6358,1192,0.4007,0.9785
137,13.700,23,708,247,733,343,0.8214,49,0.0204,0.6103
137,13.700,21,545,195,582,276,0.8155,298,0.0994,0.6971
138,13.800,5,609,117,632,177,0.6594,958,0.6942,0.9226
138,13.800,6,629,122,652,179,0.6224,924,0.7048,0.9473
138,13.800,13,701,115,725,183,0.6682,811,0.4969,0.9238
138,13.800,17,112,82,128,119,0.7006,270,0.4561,0.9585
138,13.800,3,384,184,410,266,0.7330,1032,0.4841,0.9530
138,13.800,16,661,228,696,313,0.7065,1266,0.4255,0.9720
138,13.800,23,698,246,723,342,0.7998,782,0.3258,0.8766
138,13.800,21,538,193,574,273,0.7982,122,0.0424,0.9435
139,13.900,5,612,115,634,176,0.6334,1027,0.7653,0.9313
139,13.900,6,632,122,654,178,0.6378,731,0.5933,0.9139
139,13.900,13,703,115,726,181,0.7264,862,0.5679,0.9764
139,13.900,17,111,83,126,119,0.5922,248,0.4593,0.9384
139,13.900,3,385,184,412,266,0.7516,927,0.4187,0.9444
139,13.900,16,665,227,700,312,0.5694,1491,0.5012,0.9682
139,13.900,23,691,245,717,339,0.6988,1292,0.5286,0.9711
139,13.900,21,532,191,568,271,0.7739,177,0.0615,0.8844
140,14.000,5,615,114,638,175,0.6686,994,0.7085,0.9539
140,14.000,6,636,120,659,177,0.6338,907,0.6918,0.9706
140,14.000,13,705,113,728,181,0.7449,670,0.4284,0.9692
140,14.000,17,106,83,122,120,0.6307,228,0.3851,0.9586
140,14.000,3,385,184,412,266,0.7320,1057,0.4774,0.9714
140,14.000,23,681,233,710,336,0.6394,2100,0.7030,0.9825
140,14.000,21,519,190,555,270,0.8282,279,0.0969,0.7719
141,14.100,5,618,114,641,174,0.7344,558,0.4043,0.7150
141,14.100,6,639,118,661,175,0.5639,767,0.6116,0.9655
141,14.100,13,706,112,729,179,0.7393,741,0.4809,0.9393
141,14.100,17,102,83,118,120,0.7342,196,0.3311,0.9649
141,14.100,3,385,185,411,266,0.7447,1032,0.4900,0.9687
141,14.100,23,668,237,697,334,0.8071,128,0.0455,0.7929
141,14.100,21,510,189,547,269,0.8356,1511,0.5105,0.9207
141,14.100,16,689,228,723,313,0.5989,1578,0.5460,0.9612
142,14.200,5,621,113,643,174,0.6907,1093,0.8145,0.9572
142,14.200,6,640,117,662,174,0.4461,790,0.6300,0.9339
142,14.200,13,707,111,730,179,0.7486,644,0.4118,0.9375
142,14.200,17,99,84,115,122,0.6060,290,0.4770,0.9222
142,14.200,3,385,185,411,266,0.7311,969,0.4601,0.9739
142,14.200,23,660,238,690,333,0.8046,865,0.3035,0.9690
142,14.200,21,505,190,540,266,0.7024,7,0.0026,0.6556
142,14.200,16,698,228,732,312,0.7666,1286,0.4503,0.9804
143,14.300,5,624,113,646,173,0.7151,1112,0.8424,0.9848
143,14.300,6,642,114,665,174,0.6066,952,0.6899,0.9790
143,14.300,13,709,111,732,179,0.7143,694,0.4437,0.9367
143,14.300,17,95,85,111,123,0.6836,230,0.3783,0.9635
143,14.300,3,385,186,410,268,0.7203,999,0.4873,0.9717
143,14.300,23,652,237,681,331,0.7720,1550,0.5686,0.9561
143,14.300,21,496,187,531,264,0.7574,143,0.0531,0.9462
143,14.300,16,706,230,741,312,0.8681,1220,0.4251,0.9814
144,14.400,5,625,112,648,172,0.7481,1072,0.7768,0.9836
144,14.400,6,643,112,667,173,0.6224,1060,0.7240,0.9704
144,14.400,13,710,111,733,179,0.7177,658,0.4207,0.9461
144,14.400,17,92,86,107,124,0.7103,231,0.4053,0.9736
144,14.400,3,385,187,410,270,0.7263,979,0.4718,0.9639
144,14.400,23,642,236,672,330,0.8062,1323,0.4691,0.9759
144,14.400,21,487,185,523,262,0.7623,135,0.0487,0.8919
144,14.400,16,713,230,749,313,0.7635,1199,0.4013,0.9808
145,14.500,5,628,110,650,171,0.7065,1032,0.7690,0.9866
145,14.500,6,644,112,668,172,0.6021,1052,0.7306,0.9813
145,14.500,13,710,110,733,179,0.6956,789,0.4972,0.9696
145,14.500,17,90,86,105,124,0.6349,263,0.4614,0.9506
145,14.500,3,385,188,410,271,0.7694,1042,0.5022,0.9784
145,14.500,23,634,235,664,329,0.8010,1611,0.5713,0.9487
145,14.500,21,483,185,519,262,0.7673,124,0.0447,0.9006
145,14.500,16,723,230,758,313,0.6780,1087,0.3742,0.9837
146,14.600,5,630,110,652,170,0.7312,923,0.6992,0.9709
146,14.600,6,646,114,669,171,0.6277,990,0.7551,0.9215
146,14.600,13,710,110,733,177,0.7098,669,0.4341,0.9473
146,14.600,17,87,87,102,126,0.6630,249,0.4256,0.9630
146,14.600,3,385,188,411,273,0.7676,1215,0.5498,0.9764
146,14.600,23,623,234,653,324,0.8177,1393,0.5159,0.9367
146,14.600,21,472,183,508,260,0.7472,993,0.3582,0.9257
146,14.600,16,733,232,767,313,0.8428,1287,0.4673,0.9799
147,14.700,5,632,110,654,169,0.7408,956,0.7365,0.9842
147,14.700,6,649,113,671,169,0.6452,895,0.7265,0.9666
147,14.700,13,711,110,733,177,0.7195,547,0.3711,0.9493
147,14.700,17,84,87,99,126,0.6330,264,0.4513,0.9657
147,14.700,3,387,190,412,275,0.7706,1284,0.6042,0.9779
147,14.700,23,616,231,646,323,0.7835,1597,0.5786,0.9721
147,14.700,21,463,181,500,259,0.7847,517,0.1791,0.7284
147,14.700,16,737,233,768,314,0.7859,1133,0.4512,0.9835
148,14.800,5,634,110,655,168,0.7502,911,0.7479,0.9821
148,14.800,6,651,112,673,169,0.5996,875,0.6978,0.9778
148,14.800,13,711,110,732,176,0.7172,415,0.2994,0.9573
148,14.800,17,80,88,95,127,0.6131,253,0.4325,0.9608
148,14.800,3,388,192,414,277,0.7382,1251,0.5661,0.9696
148,14.800,23,609,229,639,321,0.8058,2025,0.7337,0.9818
148,14.800,21,457,185,492,258,0.7697,0,0.0000,0.0000
148,14.800,16,743,235,768,314,0.5204,638,0.3230,0.9820
148,14.800,25,433,189,454,270,0.4891,103,0.0606,0.6776
149,14.900,5,635,109,656,166,0.5837,716,0.5982,0.9834
149,14.900,6,656,112,677,168,0.6748,676,0.5748,0.9430
149,14.900,13,711,111,731,175,0.7224,466,0.3641,0.9564
149,14.900,17,75,90,91,128,0.6632,257,0.4227,0.9414
149,14.900,3,390,195,415,278,0.7143,1449,0.6983,0.9745
149,14.900,23,598,228,629,319,0.8761,1473,0.5222,0.9699
149,14.900,21,449,182,483,253,0.5030,1067,0.4420,0.7844
